X,Y,PARAMETER,2000,2001,2002,2003,2004,2005,2006,2007,2008,2009,2010,2011,2012,2013,2014,2015,2016,2017,2018,2019,2020
79.75,24.75,T2M,26.3,25.49,26.41,25.49,25.81,25.49,26.52,26.08,25.31,26.52,26.47,25.39,25.53,25.02,25.68,25.7,26.1,26.6,26.3,25.54,24.78
80.25,24.75,T2M,26.2,25.43,26.28,25.44,25.72,25.47,26.54,26.11,25.32,26.55,26.59,25.43,25.49,24.98,25.65,25.78,26.03,26.49,26.28,25.51,24.58
80.75,24.75,T2M,26.14,25.42,26.22,25.45,25.71,25.52,26.56,26.07,25.29,26.59,26.73,25.44,25.42,24.94,25.58,25.83,25.97,26.41,26.23,25.49,24.43
81.25,24.75,T2M,26.24,25.61,26.37,25.67,25.99,25.8,26.78,26.11,25.39,26.79,27.03,25.54,25.48,25.08,25.66,26.05,26.09,26.54,26.35,25.67,24.53
81.75,24.75,T2M,26.3,25.64,26.34,25.7,25.96,25.85,26.74,26.14,25.46,26.8,27.07,25.6,25.54,25.1,25.68,26.23,26.19,26.59,26.47,25.83,24.57
82.25,24.75,T2M,26.32,25.75,26.39,25.81,26.15,26.01,26.78,26.13,25.52,26.9,27.19,25.65,25.56,25.16,25.71,26.29,26.24,26.59,26.5,25.93,24.59
82.75,24.75,T2M,26.17,25.83,26.41,25.9,26.33,26.22,26.7,26.04,25.52,26.95,27.25,25.68,25.56,25.24,25.71,26.25,26.25,26.55,26.5,25.99,24.58
83.25,24.75,T2M,25.93,25.84,26.37,25.9,26.34,26.43,26.48,25.85,25.45,26.9,27.2,25.67,25.54,25.29,25.66,26.17,26.25,26.54,26.51,26.03,24.58
83.75,24.75,T2M,25.83,25.78,26.26,25.82,26.11,26.55,26.24,25.62,25.34,26.79,27.17,25.64,25.49,25.22,25.56,26.12,26.27,26.65,26.54,26.1,24.74
84.25,24.75,T2M,25.99,25.87,26.28,25.9,26.09,26.73,26.25,25.64,25.37,26.81,27.25,25.75,25.62,25.35,25.64,26.31,26.44,26.76,26.67,26.29,24.96
84.75,24.75,T2M,25.87,25.74,26.06,25.77,25.84,26.61,26.09,25.43,25.12,26.52,27.09,25.63,25.42,25.16,25.46,26.2,26.32,26.46,26.48,26.2,24.83
85.25,24.75,T2M,25.58,25.5,25.74,25.52,25.52,26.33,25.85,25.11,24.8,26.09,26.77,25.39,25.06,24.83,25.16,25.97,26.1,26.05,26.08,25.96,24.55
85.75,24.75,T2M,25.27,25.28,25.47,25.28,25.27,26.04,25.6,24.82,24.59,25.71,26.41,25.13,24.76,24.55,24.92,25.76,25.91,25.72,25.62,25.69,24.31
86.25,24.75,T2M,25.13,25.22,25.39,25.19,25.24,25.89,25.44,24.77,24.72,25.65,26.15,24.99,24.81,24.53,24.96,25.73,25.89,25.62,25.35,25.5,24.22
86.75,24.75,T2M,25.16,25.35,25.48,25.32,25.38,25.96,25.48,24.91,25,25.77,26.12,25.06,25.11,24.75,25.24,25.86,26,25.62,25.26,25.53,24.32
87.25,24.75,T2M,25.07,25.35,25.4,25.32,25.34,25.88,25.43,24.97,25.1,25.74,26,25.07,25.22,24.89,25.39,26.01,26.17,25.7,25.33,25.63,24.48
87.75,24.75,T2M,25.12,25.47,25.45,25.43,25.42,25.92,25.53,25.19,25.29,25.85,26.04,25.26,25.39,25.15,25.65,26.22,26.42,25.83,25.43,25.83,24.73
88.25,24.75,T2M,25.26,25.64,25.58,25.58,25.57,26.04,25.69,25.47,25.52,26.03,26.17,25.52,25.57,25.44,25.93,26.33,26.58,25.85,25.4,25.98,24.89
88.75,24.75,T2M,25.14,25.48,25.44,25.41,25.37,25.9,25.56,25.36,25.42,25.89,25.98,25.4,25.4,25.34,25.81,26.01,26.31,25.46,24.98,25.74,24.67
79.75,25.25,T2M,26.94,26.1,27.07,26.06,26.43,26.09,27.23,26.77,25.69,27.02,27,25.91,26.09,25.54,26.34,26.44,26.6,27.24,26.81,25.92,25.36
80.25,25.25,T2M,26.81,26.08,26.95,26.02,26.33,26.07,27.23,26.75,25.71,27.02,27.19,26,26.09,25.54,26.41,26.61,26.53,27.12,26.84,25.96,25.16
80.75,25.25,T2M,26.73,26.07,26.89,26.05,26.35,26.13,27.25,26.65,25.7,27.05,27.35,25.97,25.96,25.47,26.36,26.7,26.46,26.99,26.82,25.96,25.01
81.25,25.25,T2M,26.75,26.17,26.95,26.2,26.62,26.33,27.38,26.58,25.74,27.2,27.55,25.95,25.87,25.49,26.34,26.82,26.49,26.97,26.86,26.05,25.01
81.75,25.25,T2M,26.8,26.17,26.89,26.19,26.57,26.36,27.33,26.56,25.79,27.18,27.58,25.99,25.92,25.49,26.31,26.95,26.57,26.97,26.94,26.18,24.98
82.25,25.25,T2M,26.75,26.23,26.89,26.27,26.75,26.51,27.32,26.5,25.86,27.25,27.62,26.01,25.94,25.57,26.26,26.97,26.6,26.98,26.92,26.27,25
82.75,25.25,T2M,26.53,26.25,26.84,26.31,26.87,26.65,27.14,26.34,25.84,27.25,27.55,25.98,25.96,25.66,26.17,26.9,26.58,26.95,26.87,26.3,24.98
83.25,25.25,T2M,26.23,26.19,26.72,26.26,26.81,26.74,26.8,26.09,25.69,27.13,27.4,25.92,25.95,25.7,26.06,26.77,26.57,26.94,26.85,26.32,24.97
83.75,25.25,T2M,26.14,26.12,26.61,26.15,26.59,26.82,26.54,25.87,25.5,27,27.35,25.89,25.9,25.63,25.98,26.7,26.64,27.09,26.9,26.47,25.16
84.25,25.25,T2M,26.14,26.05,26.47,26.05,26.4,26.87,26.45,25.73,25.33,26.89,27.32,25.88,25.85,25.59,25.88,26.69,26.7,27.04,26.95,26.58,25.21
84.75,25.25,T2M,26.1,25.99,26.34,25.96,26.26,26.86,26.39,25.62,25.23,26.76,27.26,25.84,25.74,25.5,25.77,26.67,26.69,26.89,26.93,26.59,25.12
85.25,25.25,T2M,26.01,25.93,26.22,25.87,26.13,26.79,26.32,25.51,25.19,26.61,27.14,25.77,25.62,25.39,25.65,26.63,26.65,26.7,26.8,26.52,25
85.75,25.25,T2M,25.89,25.86,26.11,25.79,26.01,26.67,26.21,25.41,25.21,26.44,26.95,25.66,25.53,25.29,25.58,26.56,26.59,26.49,26.55,26.37,24.89
86.25,25.25,T2M,25.76,25.82,26.01,25.73,25.89,26.49,26.02,25.33,25.32,26.3,26.7,25.52,25.54,25.25,25.62,26.48,26.5,26.28,26.2,26.11,24.78
86.75,25.25,T2M,25.68,25.84,25.9,25.71,25.75,26.35,25.85,25.27,25.42,26.17,26.43,25.41,25.62,25.27,25.72,26.4,26.36,26.01,25.79,25.9,24.6
87.25,25.25,T2M,25.43,25.69,25.6,25.52,25.49,26.09,25.64,25.14,25.34,25.91,26.06,25.23,25.44,25.13,25.64,26.35,26.35,25.88,25.61,25.79,24.57
87.75,25.25,T2M,25.22,25.57,25.34,25.35,25.33,25.9,25.49,25.14,25.3,25.75,25.84,25.18,25.26,25.09,25.6,26.29,26.39,25.78,25.43,25.76,24.58
88.25,25.25,T2M,25.1,25.53,25.21,25.25,25.28,25.8,25.42,25.24,25.33,25.71,25.76,25.23,25.16,25.17,25.61,26.14,26.35,25.6,25.16,25.72,24.56
88.75,25.25,T2M,24.99,25.42,25.1,25.14,25.1,25.68,25.35,25.21,25.26,25.63,25.65,25.15,25.01,25.12,25.55,25.83,26.13,25.28,24.85,25.54,24.44
79.75,25.75,T2M,27.09,26.51,27.39,26.35,26.76,26.45,27.53,27.03,25.75,27.1,27.16,26.18,26.38,25.84,26.73,26.87,26.91,27.58,26.95,26.04,25.73
80.25,25.75,T2M,26.86,26.46,27.25,26.26,26.6,26.4,27.46,26.9,25.73,26.96,27.3,26.24,26.37,25.86,26.86,27.1,26.79,27.42,26.97,26.05,25.46
80.75,25.75,T2M,26.72,26.4,27.15,26.25,26.55,26.41,27.42,26.74,25.7,26.91,27.4,26.14,26.12,25.72,26.8,27.18,26.67,27.16,26.91,26.03,25.21
81.25,25.75,T2M,26.69,26.35,27.1,26.31,26.71,26.47,27.41,26.58,25.67,27.02,27.47,25.98,25.85,25.56,26.6,27.15,26.58,26.95,26.83,26.03,25.06
81.75,25.75,T2M,26.66,26.31,27.01,26.23,26.62,26.48,27.29,26.49,25.66,26.93,27.45,25.95,25.83,25.51,26.53,27.12,26.55,26.84,26.81,26.08,24.94
82.25,25.75,T2M,26.58,26.3,26.95,26.25,26.72,26.56,27.2,26.38,25.71,26.96,27.42,25.9,25.82,25.52,26.36,27.1,26.55,26.83,26.73,26.13,24.94
82.75,25.75,T2M,26.41,26.28,26.9,26.33,26.83,26.66,27.01,26.22,25.7,26.96,27.33,25.87,25.89,25.59,26.21,27.06,26.57,26.85,26.71,26.2,24.97
83.25,25.75,T2M,26.2,26.21,26.82,26.36,26.81,26.72,26.72,26.01,25.57,26.88,27.2,25.83,25.97,25.63,26.11,26.98,26.61,26.91,26.76,26.29,25
83.75,25.75,T2M,26.05,26.07,26.67,26.2,26.58,26.71,26.44,25.75,25.33,26.72,27.1,25.77,25.88,25.51,25.96,26.86,26.67,27,26.8,26.41,25.06
84.25,25.75,T2M,25.98,25.96,26.46,25.98,26.33,26.66,26.31,25.54,25.13,26.61,27.01,25.71,25.76,25.41,25.77,26.75,26.75,27.01,26.88,26.49,25.04
84.75,25.75,T2M,25.97,25.93,26.36,25.89,26.23,26.66,26.29,25.44,25.12,26.58,26.96,25.69,25.7,25.37,25.69,26.73,26.83,27,26.95,26.56,25.01
85.25,25.75,T2M,25.97,25.94,26.31,25.87,26.17,26.66,26.28,25.4,25.19,26.57,26.91,25.68,25.67,25.35,25.66,26.71,26.85,26.92,26.92,26.59,24.98
85.75,25.75,T2M,25.94,25.97,26.24,25.86,26.08,26.61,26.23,25.36,25.28,26.51,26.81,25.64,25.65,25.35,25.66,26.67,26.79,26.75,26.74,26.52,24.94
86.25,25.75,T2M,25.9,26.02,26.15,25.83,25.92,26.48,26.07,25.31,25.38,26.37,26.6,25.53,25.65,25.36,25.71,26.58,26.61,26.47,26.4,26.27,24.85
86.75,25.75,T2M,25.83,26.02,25.96,25.73,25.66,26.23,25.82,25.17,25.37,26.09,26.2,25.3,25.57,25.3,25.71,26.4,26.34,26.06,25.88,25.93,24.56
87.25,25.75,T2M,25.58,25.82,25.59,25.49,25.41,25.94,25.58,25.02,25.26,25.78,25.8,25.08,25.28,25.09,25.57,26.34,26.3,25.89,25.66,25.79,24.52
87.75,25.75,T2M,25.24,25.56,25.2,25.21,25.18,25.7,25.35,24.95,25.14,25.51,25.52,24.92,24.97,24.95,25.42,26.18,26.25,25.69,25.37,25.65,24.46
88.25,25.75,T2M,24.94,25.36,24.92,25,25,25.52,25.19,24.96,25.08,25.34,25.37,24.87,24.75,24.93,25.33,25.9,26.09,25.4,24.97,25.44,24.33
88.75,25.75,T2M,24.84,25.3,24.84,24.95,24.87,25.44,25.15,25,25.05,25.31,25.34,24.87,24.64,24.94,25.33,25.68,25.92,25.13,24.72,25.25,24.29
79.75,26.25,T2M,26.86,26.7,27.39,26.31,26.73,26.5,27.41,26.88,25.61,26.86,26.98,26.14,26.29,25.81,26.74,26.89,27.03,27.47,26.77,25.93,25.77
80.25,26.25,T2M,26.52,26.56,27.22,26.15,26.49,26.4,27.22,26.65,25.5,26.57,26.97,26.1,26.21,25.81,26.82,27.07,26.86,27.23,26.7,25.82,25.42
80.75,26.25,T2M,26.32,26.39,27.07,26.06,26.34,26.31,27.06,26.42,25.41,26.39,26.92,25.91,25.89,25.61,26.69,27.09,26.66,26.87,26.54,25.72,25.06
81.25,26.25,T2M,26.26,26.24,26.98,26.08,26.39,26.26,26.95,26.21,25.35,26.41,26.89,25.7,25.57,25.36,26.4,26.99,26.49,26.61,26.4,25.71,24.83
81.75,26.25,T2M,26.25,26.24,26.92,26,26.31,26.32,26.85,26.15,25.36,26.33,26.92,25.69,25.54,25.34,26.4,26.89,26.4,26.49,26.34,25.76,24.66
82.25,26.25,T2M,26.19,26.19,26.88,26.06,26.39,26.37,26.74,26.02,25.37,26.34,26.9,25.62,25.53,25.28,26.22,26.9,26.39,26.48,26.28,25.8,24.7
82.75,26.25,T2M,26.08,26.1,26.84,26.18,26.46,26.39,26.54,25.84,25.32,26.33,26.81,25.54,25.57,25.23,26,26.87,26.41,26.51,26.26,25.87,24.74
83.25,26.25,T2M,25.93,25.99,26.78,26.24,26.43,26.38,26.28,25.63,25.21,26.27,26.68,25.49,25.64,25.18,25.81,26.75,26.45,26.58,26.31,25.96,24.71
83.75,26.25,T2M,25.84,25.89,26.66,26.13,26.25,26.33,26.06,25.43,25.06,26.22,26.6,25.44,25.6,25.08,25.66,26.65,26.53,26.69,26.4,26.07,24.73
84.25,26.25,T2M,25.83,25.87,26.5,25.98,26.05,26.3,26,25.27,24.98,26.24,26.59,25.42,25.52,25.06,25.55,26.56,26.73,26.79,26.58,26.2,24.78
84.75,26.25,T2M,25.85,25.88,26.41,25.92,25.97,26.3,26,25.19,25.01,26.28,26.58,25.43,25.48,25.06,25.5,26.5,26.85,26.84,26.7,26.34,24.81
85.25,26.25,T2M,25.86,25.92,26.34,25.88,25.9,26.3,25.99,25.15,25.08,26.31,26.55,25.42,25.46,25.07,25.49,26.44,26.84,26.79,26.69,26.42,24.82
85.75,26.25,T2M,25.85,25.96,26.24,25.83,25.79,26.25,25.93,25.11,25.14,26.29,26.44,25.36,25.42,25.08,25.49,26.34,26.66,26.61,26.51,26.36,24.78
86.25,26.25,T2M,25.8,26.01,26.08,25.71,25.57,26.08,25.77,25.03,25.15,26.14,26.19,25.19,25.31,25.05,25.47,26.2,26.37,26.3,26.15,26.05,24.64
86.75,26.25,T2M,25.65,25.87,25.76,25.43,25.21,25.7,25.43,24.78,25.02,25.72,25.65,24.83,25.1,24.88,25.37,25.9,25.99,25.83,25.58,25.55,24.27
87.25,26.25,T2M,25.23,25.44,25.21,25.03,24.84,25.29,25.08,24.5,24.74,25.26,25.17,24.46,24.7,24.59,25.11,25.72,25.82,25.54,25.23,25.27,24.11
87.75,26.25,T2M,24.77,25.02,24.71,24.68,24.56,25.01,24.82,24.35,24.54,24.91,24.86,24.24,24.42,24.46,24.95,25.55,25.71,25.28,24.9,25.05,24.01
88.25,26.25,T2M,24.52,24.84,24.49,24.55,24.46,24.96,24.76,24.43,24.55,24.8,24.82,24.25,24.38,24.59,25,25.43,25.65,25.08,24.6,24.88,23.98
88.75,26.25,T2M,24.7,25.07,24.69,24.79,24.65,25.17,25.01,24.76,24.84,25.05,25.06,24.56,24.56,24.87,25.26,25.58,25.77,25.1,24.64,24.94,24.21
79.75,26.75,T2M,26.5,26.74,27.23,26.09,26.46,26.3,27.1,26.55,25.4,26.56,26.67,25.81,25.94,25.44,26.55,26.67,26.94,27.08,26.46,25.75,25.6
80.25,26.75,T2M,26.2,26.58,27.1,25.94,26.23,26.21,26.89,26.32,25.28,26.24,26.55,25.72,25.82,25.47,26.59,26.81,26.81,26.83,26.37,25.61,25.29
80.75,26.75,T2M,26.05,26.42,27.02,25.89,26.09,26.13,26.71,26.11,25.21,26.06,26.46,25.59,25.57,25.36,26.46,26.83,26.64,26.55,26.23,25.51,24.99
81.25,26.75,T2M,26.03,26.24,26.98,25.94,26.09,26.05,26.52,25.85,25.14,25.99,26.41,25.44,25.38,25.15,26.14,26.73,26.45,26.36,26.09,25.5,24.78
81.75,26.75,T2M,26.01,26.23,26.91,25.85,26.03,26.13,26.44,25.8,25.16,25.92,26.46,25.43,25.37,25.18,26.18,26.56,26.29,26.24,25.95,25.51,24.55
82.25,26.75,T2M,25.95,26.12,26.88,25.94,26.04,26.13,26.28,25.63,25.11,25.89,26.45,25.35,25.35,25.08,25.98,26.58,26.28,26.25,25.92,25.57,24.62
82.75,26.75,T2M,25.88,26,26.88,26.08,26.07,26.11,26.08,25.45,25.06,25.89,26.4,25.29,25.38,24.97,25.74,26.54,26.31,26.31,25.92,25.65,24.67
83.25,26.75,T2M,25.81,25.91,26.85,26.18,26.04,26.07,25.86,25.29,25.01,25.88,26.34,25.26,25.41,24.86,25.53,26.4,26.33,26.38,25.92,25.72,24.6
83.75,26.75,T2M,25.73,25.83,26.76,26.11,25.87,25.97,25.66,25.12,24.9,25.83,26.24,25.18,25.32,24.71,25.31,26.24,26.33,26.39,25.94,25.72,24.52
84.25,26.75,T2M,25.74,25.87,26.6,26.02,25.66,25.89,25.6,24.99,24.85,25.89,26.21,25.12,25.22,24.67,25.22,26.11,26.45,26.39,26.06,25.76,24.51
84.75,26.75,T2M,25.66,25.8,26.38,25.85,25.47,25.77,25.5,24.84,24.78,25.87,26.11,25.01,25.09,24.61,25.14,25.96,26.45,26.34,26.08,25.77,24.47
85.25,26.75,T2M,25.46,25.64,26.07,25.58,25.19,25.57,25.29,24.62,24.64,25.73,25.9,24.79,24.9,24.49,24.99,25.7,26.23,26.13,25.9,25.68,24.33
85.75,26.75,T2M,25.07,25.3,25.55,25.12,24.7,25.16,24.88,24.23,24.31,25.37,25.45,24.36,24.53,24.2,24.67,25.23,25.68,25.63,25.38,25.29,23.96
86.25,26.75,T2M,24.31,24.62,24.65,24.28,23.83,24.31,24.13,23.54,23.64,24.59,24.55,23.53,23.73,23.53,23.98,24.39,24.69,24.65,24.35,24.34,23.18
86.75,26.75,T2M,23.62,23.89,23.81,23.44,23.03,23.45,23.37,22.82,22.99,23.71,23.56,22.69,23.06,22.9,23.39,23.62,23.86,23.76,23.33,23.35,22.34
87.25,26.75,T2M,22.76,22.98,22.83,22.6,22.28,22.66,22.64,22.13,22.29,22.85,22.71,21.94,22.33,22.26,22.74,23,23.27,23.08,22.59,22.66,21.77
87.75,26.75,T2M,21.82,22.05,21.84,21.76,21.55,21.94,21.95,21.49,21.59,22.03,21.98,21.26,21.65,21.7,22.12,22.36,22.67,22.38,21.84,21.95,21.2
88.25,26.75,T2M,21.19,21.48,21.23,21.23,21.09,21.53,21.55,21.16,21.21,21.54,21.56,20.89,21.29,21.47,21.8,21.92,22.24,21.85,21.26,21.42,20.82
88.75,26.75,T2M,21.56,21.88,21.62,21.64,21.49,21.94,21.96,21.62,21.66,21.93,21.94,21.35,21.67,21.93,22.22,22.35,22.6,22.14,21.54,21.73,21.22
79.75,27.25,T2M,26.1,26.64,26.99,25.74,26.06,25.95,26.74,26.09,25.17,26.22,26.28,25.31,25.54,24.93,26.24,26.29,26.66,26.68,26.14,25.6,25.4
80.25,27.25,T2M,25.88,26.46,26.91,25.65,25.85,25.84,26.51,25.85,25.05,25.94,26.13,25.21,25.39,24.95,26.18,26.36,26.57,26.48,26.05,25.44,25.11
80.75,27.25,T2M,25.85,26.36,26.91,25.7,25.78,25.81,26.33,25.68,25,25.82,26.08,25.19,25.25,24.95,26.05,26.4,26.47,26.29,25.94,25.34,24.88
81.25,27.25,T2M,25.94,26.28,26.98,25.88,25.84,25.8,26.16,25.48,24.99,25.78,26.13,25.19,25.24,24.92,25.81,26.37,26.38,26.22,25.87,25.37,24.79
81.75,27.25,T2M,25.89,26.23,26.92,25.83,25.81,25.88,26.09,25.42,25,25.78,26.19,25.2,25.25,24.98,25.84,26.13,26.19,26.1,25.68,25.32,24.55
82.25,27.25,T2M,25.82,26.11,26.88,25.91,25.77,25.85,25.88,25.24,24.93,25.74,26.17,25.12,25.21,24.88,25.66,26.15,26.2,26.14,25.68,25.39,24.6
82.75,27.25,T2M,25.74,25.96,26.85,25.99,25.7,25.76,25.63,25.04,24.84,25.69,26.11,25.03,25.16,24.72,25.43,26.07,26.17,26.17,25.63,25.43,24.6
83.25,27.25,T2M,25.63,25.81,26.77,25.99,25.56,25.64,25.36,24.86,24.74,25.61,26.02,24.92,25.08,24.52,25.18,25.81,26.02,26.08,25.46,25.36,24.41
83.75,27.25,T2M,25.43,25.63,26.55,25.83,25.25,25.4,25.06,24.61,24.53,25.41,25.81,24.7,24.85,24.22,24.82,25.47,25.76,25.86,25.24,25.13,24.14
84.25,27.25,T2M,25.34,25.57,26.29,25.66,24.93,25.18,24.91,24.42,24.39,25.36,25.65,24.52,24.64,24.06,24.63,25.21,25.63,25.64,25.13,24.91,23.93
84.75,27.25,T2M,24.45,24.72,25.24,24.7,23.96,24.27,24.06,23.56,23.56,24.55,24.76,23.63,23.77,23.27,23.84,24.35,24.85,24.81,24.33,24.11,23.16
85.25,27.25,T2M,23.09,23.41,23.74,23.31,22.59,22.95,22.78,22.3,22.31,23.29,23.44,22.31,22.54,22.14,22.66,23.07,23.58,23.55,23.05,22.94,22
85.75,27.25,T2M,21.21,21.58,21.72,21.39,20.72,21.11,21.01,20.56,20.57,21.51,21.6,20.49,20.81,20.54,20.97,21.21,21.68,21.66,21.15,21.2,20.29
86.25,27.25,T2M,18.31,18.76,18.68,18.46,17.9,18.22,18.33,17.93,17.89,18.74,18.73,17.69,17.97,17.94,18.22,18.27,18.71,18.62,18.13,18.3,17.53
86.75,27.25,T2M,15.96,16.37,16.24,16.02,15.6,15.81,16.07,15.68,15.65,16.34,16.27,15.37,15.63,15.7,15.98,15.94,16.35,16.19,15.65,15.78,15.16
87.25,27.25,T2M,15.34,15.69,15.53,15.36,15.07,15.26,15.54,15.18,15.12,15.69,15.62,14.83,15.06,15.24,15.47,15.46,15.88,15.7,15.1,15.26,14.72
87.75,27.25,T2M,13.81,14.16,13.96,13.87,13.7,13.89,14.2,13.87,13.77,14.22,14.23,13.5,13.69,13.96,14.16,14.12,14.56,14.38,13.77,13.89,13.46
88.25,27.25,T2M,11.78,12.2,11.95,11.91,11.86,12.05,12.38,12.09,11.96,12.33,12.4,11.73,11.86,12.2,12.39,12.27,12.72,12.52,11.92,11.96,11.68
88.75,27.25,T2M,12.72,13.15,12.9,12.92,12.84,13.1,13.38,13.07,12.94,13.33,13.37,12.71,12.88,13.23,13.38,13.34,13.71,13.46,12.83,12.93,12.7
79.75,27.75,T2M,25.66,26.37,26.67,25.31,25.55,25.5,26.3,25.5,24.86,25.84,25.88,24.76,25.19,24.48,25.81,25.76,26.23,26.26,25.75,25.41,25.05
80.25,27.75,T2M,25.58,26.26,26.69,25.33,25.42,25.43,26.09,25.3,24.79,25.69,25.8,24.75,25.09,24.53,25.72,25.84,26.24,26.19,25.71,25.3,24.82
80.75,27.75,T2M,25.7,26.27,26.83,25.55,25.5,25.47,25.96,25.2,24.79,25.67,25.85,24.84,25.05,24.62,25.6,25.93,26.26,26.14,25.68,25.24,24.68
81.25,27.75,T2M,25.88,26.31,27.03,25.89,25.66,25.56,25.85,25.12,24.84,25.68,25.97,24.94,25.08,24.67,25.43,25.96,26.28,26.14,25.64,25.24,24.65
81.75,27.75,T2M,25.63,26.05,26.77,25.71,25.49,25.43,25.63,24.93,24.72,25.61,25.87,24.8,24.96,24.62,25.35,25.56,25.94,25.86,25.34,24.97,24.33
82.25,27.75,T2M,24.61,24.97,25.72,24.81,24.49,24.44,24.51,23.9,23.77,24.66,24.94,23.83,24.01,23.68,24.36,24.66,25,25.01,24.43,24.13,23.48
82.75,27.75,T2M,23.51,23.82,24.58,23.81,23.37,23.34,23.28,22.81,22.71,23.6,23.9,22.77,22.98,22.59,23.24,23.58,23.92,23.99,23.33,23.15,22.49
83.25,27.75,T2M,22.74,23.02,23.75,23.08,22.51,22.54,22.4,22.06,21.94,22.84,23.15,22,22.26,21.79,22.39,22.63,23.04,23.12,22.39,22.34,21.66
83.75,27.75,T2M,22.37,22.67,23.33,22.73,22.01,22.17,21.98,21.65,21.55,22.42,22.78,21.6,21.91,21.38,21.9,22.1,22.58,22.64,21.89,21.87,21.18
84.25,27.75,T2M,22.2,22.53,23.04,22.54,21.65,21.93,21.81,21.44,21.41,22.31,22.59,21.41,21.69,21.18,21.68,21.81,22.34,22.34,21.67,21.57,20.92
84.75,27.75,T2M,20.08,20.45,20.73,20.39,19.52,19.8,19.81,19.44,19.42,20.3,20.51,19.36,19.61,19.22,19.68,19.76,20.32,20.31,19.67,19.57,18.99
85.25,27.75,T2M,16.85,17.27,17.34,17.13,16.37,16.6,16.75,16.39,16.36,17.19,17.35,16.26,16.48,16.25,16.62,16.67,17.26,17.22,16.6,16.57,16.05
85.75,27.75,T2M,12.8,13.28,13.18,13.07,12.48,12.59,12.93,12.59,12.51,13.27,13.39,12.38,12.53,12.52,12.73,12.76,13.37,13.25,12.69,12.73,12.27
86.25,27.75,T2M,7.71,8.22,7.99,7.94,7.6,7.49,8.14,7.86,7.64,8.32,8.36,7.49,7.4,7.71,7.74,7.72,8.37,8.1,7.64,7.71,7.39
86.75,27.75,T2M,4.03,4.57,4.34,4.24,4.06,3.84,4.59,4.35,4.08,4.63,4.7,3.95,3.68,4.08,4.15,4.14,4.79,4.49,4.06,3.99,3.79
87.25,27.75,T2M,4.77,5.29,5.05,4.96,4.88,4.73,5.42,5.2,4.88,5.39,5.43,4.74,4.45,4.93,4.98,4.98,5.56,5.3,4.83,4.78,4.62
87.75,27.75,T2M,4.14,4.63,4.4,4.32,4.33,4.23,4.87,4.68,4.34,4.8,4.83,4.21,3.89,4.39,4.49,4.45,4.98,4.76,4.29,4.19,4.07
88.25,27.75,T2M,1.87,2.37,2.15,2.08,2.16,2.04,2.67,2.52,2.2,2.58,2.63,2.07,1.71,2.21,2.37,2.3,2.81,2.58,2.15,1.94,1.9
88.75,27.75,T2M,3.22,3.75,3.51,3.55,3.58,3.56,4.11,3.92,3.58,4.03,4.09,3.46,3.21,3.66,3.78,3.83,4.21,3.93,3.46,3.35,3.37
79.75,28.25,T2M,25.28,26.03,26.37,24.99,25.11,25.18,25.87,25.05,24.6,25.58,25.63,24.41,24.96,24.22,25.41,25.31,25.87,25.89,25.38,25.17,24.54
80.25,28.25,T2M,25.33,26.04,26.5,25.15,25.13,25.15,25.73,24.92,24.6,25.57,25.66,24.49,24.94,24.35,25.36,25.42,25.97,25.95,25.42,25.14,24.36
80.75,28.25,T2M,25.46,26.07,26.68,25.42,25.27,25.17,25.6,24.82,24.61,25.6,25.71,24.55,24.92,24.46,25.28,25.53,26.06,26,25.42,25.09,24.29
81.25,28.25,T2M,25.32,25.83,26.6,25.51,25.17,24.97,25.23,24.51,24.37,25.31,25.53,24.34,24.65,24.27,24.98,25.34,25.81,25.79,25.14,24.78,24.05
81.75,28.25,T2M,23.2,23.68,24.42,23.47,23.16,22.96,23.17,22.57,22.48,23.48,23.62,22.44,22.74,22.49,23.09,23.11,23.63,23.65,23.06,22.7,22.07
82.25,28.25,T2M,20.17,20.58,21.21,20.53,20.16,19.98,20.12,19.64,19.61,20.51,20.7,19.56,19.77,19.61,20.12,20.13,20.67,20.74,20.1,19.85,19.27
82.75,28.25,T2M,16.94,17.31,17.77,17.32,16.93,16.72,16.88,16.52,16.49,17.27,17.52,16.44,16.54,16.43,16.83,16.85,17.46,17.47,16.86,16.66,16.2
83.25,28.25,T2M,14.45,14.82,15.09,14.79,14.42,14.16,14.4,14.12,14.06,14.75,15.03,14.02,14.05,13.94,14.25,14.16,14.89,14.76,14.25,14.02,13.7
83.75,28.25,T2M,13.84,14.28,14.44,14.16,13.74,13.53,13.82,13.53,13.45,14.12,14.45,13.44,13.51,13.35,13.61,13.39,14.23,14,13.49,13.27,12.96
84.25,28.25,T2M,12.57,13.01,13.03,12.85,12.37,12.19,12.63,12.31,12.25,12.89,13.19,12.24,12.23,12.13,12.36,12.09,12.94,12.68,12.2,11.95,11.71
84.75,28.25,T2M,9.98,10.43,10.31,10.2,9.78,9.51,10.17,9.79,9.75,10.38,10.6,9.73,9.59,9.62,9.78,9.58,10.45,10.18,9.74,9.42,9.3
85.25,28.25,T2M,6.34,6.82,6.59,6.51,6.17,5.8,6.66,6.24,6.22,6.82,6.99,6.21,5.9,6.09,6.16,6.09,6.98,6.67,6.29,5.91,5.9
85.75,28.25,T2M,2.31,2.81,2.54,2.44,2.21,1.73,2.77,2.35,2.29,2.85,3,2.29,1.82,2.18,2.15,2.24,3.13,2.74,2.42,2.03,2.11
86.25,28.25,T2M,-1.11,-0.6,-0.86,-0.97,-1.08,-1.62,-0.45,-0.78,-1.02,-0.48,-0.39,-1.03,-1.63,-1.06,-1.17,-0.95,-0.13,-0.64,-0.9,-1.22,-1.1
86.75,28.25,T2M,-2.84,-2.25,-2.45,-2.62,-2.63,-3.17,-2.04,-2.31,-2.66,-2.16,-2.05,-2.69,-3.31,-2.69,-2.72,-2.52,-1.75,-2.24,-2.5,-2.87,-2.76
87.25,28.25,T2M,-1.47,-0.87,-1.07,-1.21,-1.15,-1.51,-0.54,-0.79,-1.22,-0.67,-0.63,-1.25,-1.82,-1.2,-1.2,-1.03,-0.35,-0.79,-1.11,-1.42,-1.32
87.75,28.25,T2M,-0.8,-0.22,-0.39,-0.51,-0.41,-0.66,0.19,-0.03,-0.46,0.07,0.06,-0.52,-1.04,-0.46,-0.42,-0.27,0.31,-0.08,-0.43,-0.73,-0.66
88.25,28.25,T2M,-1.5,-0.96,-1.09,-1.2,-1.07,-1.32,-0.52,-0.7,-1.09,-0.63,-0.63,-1.19,-1.68,-1.16,-1.06,-0.9,-0.4,-0.79,-1.14,-1.48,-1.41
88.75,28.25,T2M,-1.2,-0.65,-0.79,-0.81,-0.72,-0.88,-0.2,-0.37,-0.77,-0.3,-0.24,-0.86,-1.26,-0.77,-0.7,-0.45,-0.06,-0.48,-0.87,-1.12,-1.01
79.75,28.75,T2M,24.61,25.28,25.73,24.48,24.51,24.59,25.21,24.44,24.07,25.11,25.17,23.83,24.5,23.87,24.84,24.75,25.35,25.33,24.81,24.59,23.76
80.25,28.75,T2M,24.02,24.68,25.18,24.01,23.96,23.93,24.47,23.74,23.5,24.54,24.62,23.33,23.92,23.45,24.27,24.24,24.81,24.79,24.25,23.94,23.04
80.75,28.75,T2M,23.15,23.77,24.33,23.3,23.17,22.97,23.41,22.73,22.6,23.67,23.75,22.48,22.97,22.65,23.34,23.36,23.94,23.94,23.33,22.97,22.12
81.25,28.75,T2M,22.1,22.67,23.36,22.45,22.17,21.84,22.16,21.52,21.45,22.49,22.65,21.34,21.79,21.56,22.2,22.31,22.84,22.89,22.16,21.79,20.99
81.75,28.75,T2M,17.42,17.88,18.43,17.8,17.55,17.19,17.48,17.02,16.98,17.91,18.05,16.9,17.19,17.14,17.52,17.39,18.06,18.08,17.48,17.14,16.59
82.25,28.75,T2M,13.21,13.62,13.96,13.59,13.36,12.93,13.27,12.87,12.87,13.66,13.81,12.78,12.82,12.91,13.18,13.04,13.89,13.77,13.27,12.91,12.51
82.75,28.75,T2M,8.36,8.73,8.82,8.65,8.53,7.93,8.47,8.05,8.11,8.72,8.9,8.02,7.71,7.94,8.13,8.03,9.07,8.77,8.41,7.85,7.71
83.25,28.75,T2M,3.75,4.11,3.96,3.9,3.91,3.1,3.92,3.48,3.59,4.04,4.25,3.55,2.9,3.22,3.31,3.15,4.42,3.92,3.75,2.9,3.03
83.75,28.75,T2M,2.23,2.7,2.46,2.34,2.33,1.32,2.44,1.95,2.06,2.53,2.8,2.14,1.49,1.63,1.7,1.26,2.8,2.18,2.08,1.17,1.19
84.25,28.75,T2M,1.13,1.6,1.27,1.17,1.2,0.12,1.41,0.88,0.98,1.41,1.68,1.08,0.38,0.61,0.64,0.13,1.63,0.97,0.88,-0.05,0.08
84.75,28.75,T2M,0.04,0.52,0.18,0.05,0.1,-1.01,0.42,-0.17,-0.06,0.38,0.61,0.05,-0.72,-0.41,-0.44,-0.78,0.6,-0.06,-0.13,-1.14,-0.81
85.25,28.75,T2M,-1.31,-0.81,-1.12,-1.3,-1.27,-2.34,-0.84,-1.47,-1.34,-0.9,-0.7,-1.24,-2.08,-1.69,-1.79,-1.83,-0.59,-1.24,-1.32,-2.33,-1.85
85.75,28.75,T2M,-2.61,-2.11,-2.34,-2.56,-2.58,-3.52,-2.03,-2.64,-2.57,-2.13,-1.95,-2.51,-3.33,-2.86,-3.02,-2.76,-1.68,-2.32,-2.45,-3.31,-2.79
86.25,28.75,T2M,-2.99,-2.46,-2.6,-2.85,-2.87,-3.58,-2.19,-2.72,-2.86,-2.36,-2.23,-2.86,-3.56,-2.93,-3.1,-2.69,-1.81,-2.47,-2.66,-3.26,-2.83
86.75,28.75,T2M,-2.4,-1.78,-1.85,-2.12,-2.08,-2.65,-1.37,-1.87,-2.14,-1.57,-1.52,-2.19,-2.78,-2.08,-2.18,-1.8,-1.04,-1.7,-1.93,-2.41,-2.08
87.25,28.75,T2M,-1.53,-0.87,-0.94,-1.17,-1.08,-1.48,-0.37,-0.82,-1.2,-0.56,-0.56,-1.24,-1.73,-1.06,-1.11,-0.74,-0.07,-0.68,-0.97,-1.36,-1.1
87.75,28.75,T2M,-0.62,0.04,-0.01,-0.22,-0.1,-0.38,0.59,0.22,-0.21,0.43,0.42,-0.26,-0.67,-0.08,-0.11,0.28,0.85,0.31,-0.04,-0.38,-0.19
88.25,28.75,T2M,0.05,0.69,0.66,0.48,0.58,0.37,1.26,0.96,0.53,1.13,1.13,0.46,0.1,0.61,0.58,1.02,1.47,0.99,0.6,0.28,0.42
88.75,28.75,T2M,0.12,0.77,0.71,0.6,0.67,0.55,1.3,1.05,0.64,1.21,1.24,0.55,0.27,0.73,0.71,1.2,1.54,1.09,0.66,0.39,0.56
79.75,29.25,T2M,21.36,21.81,22.29,21.38,21.39,21.27,21.91,21.28,20.98,22.04,22.11,20.76,21.41,21.06,21.7,21.61,22.27,22.17,21.7,21.36,20.59
80.25,29.25,T2M,19.89,20.42,20.85,20.04,20.01,19.76,20.36,19.76,19.58,20.63,20.71,19.38,19.97,19.74,20.32,20.22,20.86,20.75,20.28,19.83,19.04
80.75,29.25,T2M,17.97,18.52,18.93,18.22,18.16,17.74,18.28,17.7,17.64,18.66,18.74,17.46,17.91,17.81,18.29,18.22,18.94,18.8,18.31,17.79,17.05
81.25,29.25,T2M,15.31,15.85,16.23,15.66,15.54,14.97,15.48,14.88,14.9,15.81,15.95,14.73,15.04,15.02,15.39,15.42,16.23,16.06,15.52,14.97,14.27
81.75,29.25,T2M,11.67,12.13,12.36,12,11.9,11.31,11.81,11.29,11.33,12.09,12.24,11.15,11.32,11.41,11.61,11.61,12.52,12.31,11.85,11.31,10.91
82.25,29.25,T2M,6.61,7.01,7,6.78,6.81,6.01,6.71,6.16,6.3,6.89,7.02,6.1,5.86,6.12,6.27,6.23,7.44,7.07,6.75,5.94,5.76
82.75,29.25,T2M,1.47,1.81,1.62,1.48,1.6,0.52,1.52,0.95,1.17,1.59,1.73,0.99,0.33,0.7,0.8,0.69,2.22,1.68,1.52,0.38,0.41
83.25,29.25,T2M,-2.44,-2.14,-2.41,-2.53,-2.41,-3.79,-2.42,-3.02,-2.76,-2.44,-2.26,-2.83,-3.78,-3.46,-3.44,-3.69,-1.88,-2.53,-2.59,-3.96,-3.78
83.75,29.25,T2M,-3.85,-3.47,-3.77,-3.95,-3.94,-5.58,-3.84,-4.54,-4.23,-3.86,-3.63,-4.13,-5.13,-5.11,-5.14,-5.69,-3.54,-4.35,-4.36,-5.77,-5.64
84.25,29.25,T2M,-2.92,-2.49,-2.78,-2.96,-2.94,-4.48,-2.78,-3.53,-3.29,-2.83,-2.63,-3.16,-4.09,-3.99,-4.06,-4.73,-2.76,-3.62,-3.59,-5.05,-4.72
84.75,29.25,T2M,-2.77,-2.3,-2.56,-2.76,-2.76,-4.13,-2.5,-3.27,-3.04,-2.56,-2.36,-2.93,-3.8,-3.64,-3.76,-4.26,-2.52,-3.39,-3.36,-4.79,-4.23
85.25,29.25,T2M,-2.83,-2.35,-2.55,-2.78,-2.8,-3.98,-2.42,-3.19,-2.99,-2.51,-2.3,-2.93,-3.73,-3.5,-3.67,-3.81,-2.34,-3.15,-3.2,-4.47,-3.76
85.75,29.25,T2M,-2.86,-2.37,-2.49,-2.73,-2.76,-3.72,-2.25,-2.98,-2.87,-2.39,-2.19,-2.89,-3.58,-3.25,-3.44,-3.22,-2.01,-2.74,-2.91,-3.91,-3.17
86.25,29.25,T2M,-2.87,-2.34,-2.38,-2.63,-2.58,-3.28,-1.95,-2.6,-2.72,-2.19,-2.02,-2.79,-3.32,-2.78,-2.95,-2.54,-1.61,-2.3,-2.57,-3.25,-2.63
86.75,29.25,T2M,-2.1,-1.49,-1.46,-1.74,-1.65,-2.19,-0.93,-1.58,-1.81,-1.2,-1.11,-1.9,-2.33,-1.68,-1.79,-1.36,-0.61,-1.3,-1.6,-2.12,-1.62
87.25,29.25,T2M,-1.26,-0.6,-0.56,-0.83,-0.71,-1.12,0.03,-0.55,-0.9,-0.23,-0.15,-0.97,-1.31,-0.67,-0.72,-0.24,0.37,-0.27,-0.61,-1.04,-0.63
87.75,29.25,T2M,-0.34,0.33,0.38,0.14,0.24,-0.05,0.98,0.51,0.07,0.76,0.86,0.01,-0.24,0.33,0.3,0.83,1.33,0.76,0.37,0,0.32
88.25,29.25,T2M,0.51,1.19,1.24,1.03,1.08,0.92,1.83,1.47,1,1.67,1.79,0.93,0.76,1.24,1.18,1.78,2.15,1.67,1.24,0.91,1.17
88.75,29.25,T2M,1.05,1.74,1.76,1.62,1.62,1.57,2.37,2.05,1.6,2.27,2.36,1.53,1.41,1.83,1.75,2.43,2.66,2.24,1.78,1.48,1.74
79.75,29.75,T2M,16.02,16.28,16.59,16.09,16.14,15.77,16.44,16.01,15.78,16.7,16.81,15.61,15.96,15.96,16.23,16.26,17.07,16.71,16.41,15.86,15.27
80.25,29.75,T2M,13.41,13.76,13.94,13.54,13.59,13.09,13.76,13.3,13.18,14.05,14.12,12.99,13.22,13.29,13.53,13.59,14.46,14.07,13.8,13.08,12.48
80.75,29.75,T2M,9.91,10.27,10.34,10.04,10.12,9.46,10.14,9.63,9.65,10.38,10.44,9.42,9.46,9.62,9.79,9.88,10.93,10.49,10.25,9.36,8.81
81.25,29.75,T2M,5.55,5.91,5.83,5.63,5.78,4.9,5.66,5.08,5.29,5.78,5.88,5.05,4.83,5.1,5.12,5.18,6.54,6.03,5.81,4.71,4.28
81.75,29.75,T2M,5.27,5.64,5.55,5.34,5.51,4.59,5.4,4.73,4.97,5.48,5.57,4.7,4.52,4.73,4.82,4.99,6.25,5.77,5.52,4.46,4.19
82.25,29.75,T2M,0.78,1.13,0.88,0.68,0.93,-0.13,0.83,0.16,0.51,0.86,0.94,0.21,-0.23,0.05,0.08,0.14,1.69,1.19,0.98,-0.25,-0.49
82.75,29.75,T2M,-2.74,-2.45,-2.75,-2.97,-2.74,-4.08,-2.83,-3.51,-3.07,-2.85,-2.74,-3.34,-4,-3.76,-3.78,-3.95,-2.03,-2.59,-2.72,-4.16,-4.4
83.25,29.75,T2M,-3.58,-3.31,-3.53,-3.8,-3.71,-5.37,-3.76,-4.51,-4.05,-3.83,-3.65,-4.18,-4.93,-4.92,-4.93,-5.39,-3.15,-3.83,-3.87,-5.44,-5.63
83.75,29.75,T2M,-3.44,-3.11,-3.32,-3.54,-3.65,-5.41,-3.55,-4.41,-3.96,-3.64,-3.41,-3.94,-4.77,-5,-5.04,-5.77,-3.31,-4.15,-4.15,-5.77,-5.74
84.25,29.75,T2M,-3.41,-3.06,-3.24,-3.4,-3.52,-5.02,-3.32,-4.14,-3.86,-3.42,-3.21,-3.81,-4.57,-4.68,-4.83,-5.69,-3.44,-4.33,-4.32,-5.85,-5.6
84.75,29.75,T2M,-3.95,-3.58,-3.74,-3.89,-4,-5.26,-3.71,-4.49,-4.31,-3.81,-3.58,-4.25,-4.95,-4.95,-5.17,-5.87,-3.86,-4.76,-4.81,-6.21,-5.7
85.25,29.75,T2M,-4.3,-3.9,-4.02,-4.19,-4.26,-5.31,-3.89,-4.63,-4.53,-4.01,-3.75,-4.49,-5.12,-5.03,-5.27,-5.59,-3.88,-4.75,-4.88,-6.08,-5.38
85.75,29.75,T2M,-4.24,-3.8,-3.86,-4.05,-4.06,-4.93,-3.61,-4.31,-4.31,-3.77,-3.51,-4.33,-4.85,-4.65,-4.84,-4.73,-3.4,-4.17,-4.4,-5.36,-4.59
86.25,29.75,T2M,-4.13,-3.63,-3.62,-3.84,-3.72,-4.4,-3.19,-3.81,-4.01,-3.46,-3.2,-4.07,-4.45,-4.03,-4.15,-3.82,-2.85,-3.54,-3.87,-4.54,-3.87
86.75,29.75,T2M,-3.69,-3.14,-3.07,-3.31,-3.18,-3.7,-2.57,-3.16,-3.46,-2.9,-2.62,-3.56,-3.81,-3.29,-3.33,-2.97,-2.22,-2.88,-3.23,-3.79,-3.2
87.25,29.75,T2M,-2.89,-2.31,-2.19,-2.44,-2.32,-2.72,-1.66,-2.2,-2.59,-1.99,-1.72,-2.69,-2.85,-2.33,-2.3,-1.89,-1.3,-1.88,-2.28,-2.78,-2.27
87.75,29.75,T2M,-2.23,-1.63,-1.51,-1.73,-1.64,-1.92,-0.96,-1.42,-1.86,-1.26,-0.96,-1.96,-2.05,-1.57,-1.51,-1.06,-0.6,-1.1,-1.52,-1.99,-1.55
88.25,29.75,T2M,-1.84,-1.23,-1.13,-1.28,-1.26,-1.42,-0.56,-0.93,-1.39,-0.8,-0.49,-1.49,-1.52,-1.11,-1.07,-0.56,-0.21,-0.65,-1.08,-1.52,-1.14
88.75,29.75,T2M,-1.46,-0.84,-0.77,-0.86,-0.9,-0.95,-0.16,-0.49,-0.94,-0.33,-0.06,-1.03,-1.04,-0.66,-0.67,-0.06,0.17,-0.22,-0.65,-1.07,-0.72
79.75,30.25,T2M,7.58,7.76,7.63,7.5,7.68,7.14,7.9,7.49,7.42,7.96,8.09,7.23,7.08,7.42,7.29,7.66,8.73,8.05,7.93,6.97,6.59
80.25,30.25,T2M,3.7,3.97,3.63,3.6,3.82,3.19,3.98,3.52,3.61,3.96,4.05,3.38,3.07,3.44,3.24,3.57,4.86,4.16,4.05,2.85,2.38
80.75,30.25,T2M,0.63,0.91,0.49,0.52,0.79,0,0.81,0.33,0.55,0.77,0.83,0.29,-0.17,0.19,-0.01,0.18,1.74,1.05,0.95,-0.46,-0.97
81.25,30.25,T2M,-1.86,-1.58,-1.95,-2.01,-1.67,-2.69,-1.8,-2.35,-2,-1.87,-1.77,-2.23,-2.86,-2.51,-2.68,-2.68,-0.83,-1.53,-1.61,-3.19,-3.64
81.75,30.25,T2M,-2.18,-1.88,-2.28,-2.38,-2.01,-3.07,-2.12,-2.78,-2.4,-2.2,-2.1,-2.62,-3.11,-2.86,-2.97,-2.98,-1.22,-1.86,-1.98,-3.45,-3.84
82.25,30.25,T2M,-3.81,-3.5,-3.9,-4.07,-3.71,-4.85,-3.85,-4.52,-4.05,-3.93,-3.82,-4.3,-4.77,-4.6,-4.75,-4.88,-2.93,-3.53,-3.66,-5.17,-5.7
82.75,30.25,T2M,-4.63,-4.35,-4.67,-4.92,-4.64,-5.98,-4.78,-5.52,-4.96,-4.86,-4.72,-5.17,-5.64,-5.68,-5.79,-6.13,-3.89,-4.52,-4.6,-6.25,-6.84
83.25,30.25,T2M,-4.26,-4.01,-4.22,-4.51,-4.38,-5.96,-4.46,-5.32,-4.74,-4.55,-4.34,-4.81,-5.31,-5.6,-5.62,-6.21,-3.73,-4.46,-4.45,-6.24,-6.68
83.75,30.25,T2M,-4.07,-3.83,-3.97,-4.2,-4.22,-5.87,-4.15,-5.07,-4.58,-4.28,-4,-4.54,-5.12,-5.49,-5.53,-6.35,-3.77,-4.64,-4.57,-6.31,-6.46
84.25,30.25,T2M,-4.91,-4.69,-4.8,-4.98,-5.03,-6.43,-4.79,-5.62,-5.34,-4.98,-4.69,-5.27,-5.87,-6.08,-6.27,-7.23,-4.75,-5.68,-5.63,-7.26,-7.12
84.75,30.25,T2M,-5.11,-4.85,-4.94,-5.09,-5.15,-6.3,-4.8,-5.56,-5.42,-5.01,-4.7,-5.37,-5.94,-6,-6.27,-7.07,-4.83,-5.77,-5.79,-7.27,-6.82
85.25,30.25,T2M,-4.68,-4.35,-4.4,-4.57,-4.59,-5.53,-4.17,-4.87,-4.86,-4.4,-4.08,-4.84,-5.35,-5.28,-5.55,-5.95,-4.1,-4.99,-5.11,-6.38,-5.7
85.75,30.25,T2M,-4,-3.59,-3.58,-3.8,-3.73,-4.51,-3.25,-3.91,-4.04,-3.52,-3.21,-4.05,-4.46,-4.27,-4.48,-4.4,-3.02,-3.82,-4.05,-5.05,-4.29
86.25,30.25,T2M,-3.78,-3.31,-3.24,-3.49,-3.31,-3.93,-2.79,-3.36,-3.68,-3.13,-2.81,-3.7,-4.01,-3.62,-3.72,-3.42,-2.45,-3.13,-3.47,-4.19,-3.51
86.75,30.25,T2M,-3.83,-3.35,-3.24,-3.48,-3.3,-3.77,-2.76,-3.28,-3.67,-3.14,-2.76,-3.72,-3.88,-3.46,-3.43,-3.12,-2.4,-3,-3.37,-4.01,-3.38
87.25,30.25,T2M,-3.66,-3.16,-3.02,-3.25,-3.1,-3.45,-2.52,-3,-3.43,-2.91,-2.5,-3.5,-3.56,-3.14,-3.04,-2.71,-2.16,-2.67,-3.07,-3.66,-3.09
87.75,30.25,T2M,-3.52,-2.99,-2.86,-3.04,-2.93,-3.17,-2.34,-2.77,-3.22,-2.7,-2.27,-3.29,-3.29,-2.91,-2.76,-2.42,-1.99,-2.41,-2.82,-3.4,-2.88
88.25,30.25,T2M,-3.41,-2.87,-2.76,-2.88,-2.82,-2.96,-2.2,-2.58,-3.06,-2.52,-2.08,-3.12,-3.06,-2.74,-2.57,-2.2,-1.87,-2.23,-2.64,-3.22,-2.74
88.75,30.25,T2M,-3.1,-2.56,-2.46,-2.53,-2.54,-2.58,-1.85,-2.21,-2.7,-2.11,-1.72,-2.75,-2.64,-2.37,-2.22,-1.77,-1.55,-1.86,-2.26,-2.82,-2.4
79.75,30.75,T2M,-1.21,-1.01,-1.53,-1.43,-1.13,-1.78,-0.88,-1.32,-1.22,-1.2,-0.93,-1.39,-1.98,-1.42,-1.89,-1.3,0.07,-0.86,-0.94,-2.23,-2.64
80.25,30.75,T2M,-2.8,-2.54,-3.13,-3.01,-2.66,-3.41,-2.51,-2.95,-2.76,-2.83,-2.63,-2.96,-3.61,-3.13,-3.58,-3.18,-1.5,-2.44,-2.53,-4.11,-4.75
80.75,30.75,T2M,-3.31,-3,-3.55,-3.46,-3.06,-3.96,-3.07,-3.51,-3.27,-3.31,-3.16,-3.45,-4.11,-3.73,-4.1,-3.96,-2.05,-2.94,-3.02,-4.74,-5.57
81.25,30.75,T2M,-3.74,-3.41,-3.8,-3.85,-3.44,-4.45,-3.54,-4.03,-3.76,-3.77,-3.58,-3.9,-4.55,-4.24,-4.51,-4.58,-2.58,-3.4,-3.49,-5.1,-5.94
81.75,30.75,T2M,-5.27,-4.9,-5.36,-5.43,-5.02,-6,-5.12,-5.64,-5.36,-5.32,-5.12,-5.46,-5.97,-5.8,-6.04,-6.39,-4.25,-4.98,-5.1,-6.69,-7.49
82.25,30.75,T2M,-5.73,-5.32,-5.76,-5.89,-5.52,-6.57,-5.65,-6.28,-5.89,-5.82,-5.63,-5.98,-6.37,-6.39,-6.6,-7.05,-4.76,-5.45,-5.58,-7.28,-8.16
82.75,30.75,T2M,-5.48,-5.1,-5.44,-5.64,-5.35,-6.53,-5.47,-6.24,-5.76,-5.63,-5.41,-5.79,-6.14,-6.37,-6.52,-7.04,-4.62,-5.31,-5.4,-7.22,-8.05
83.25,30.75,T2M,-5.03,-4.73,-4.94,-5.19,-5,-6.32,-5.06,-5.93,-5.43,-5.21,-4.92,-5.37,-5.74,-6.13,-6.24,-6.86,-4.34,-5.09,-5.1,-6.99,-7.55
83.75,30.75,T2M,-5,-4.76,-4.89,-5.13,-5.02,-6.4,-4.94,-5.83,-5.44,-5.13,-4.78,-5.31,-5.72,-6.16,-6.25,-7.03,-4.47,-5.33,-5.28,-7.1,-7.35
84.25,30.75,T2M,-4.12,-3.87,-3.93,-4.16,-4.09,-5.26,-3.81,-4.65,-4.44,-4.1,-3.73,-4.36,-4.79,-5.03,-5.21,-6.07,-3.61,-4.56,-4.47,-6.29,-6.08
84.75,30.75,T2M,-3.51,-3.24,-3.24,-3.47,-3.43,-4.37,-3.02,-3.76,-3.72,-3.34,-2.96,-3.69,-4.1,-4.15,-4.4,-5.07,-2.91,-3.84,-3.81,-5.47,-4.93
85.25,30.75,T2M,-2.89,-2.58,-2.54,-2.78,-2.72,-3.47,-2.22,-2.89,-2.99,-2.57,-2.2,-3,-3.36,-3.26,-3.52,-3.84,-2.07,-2.92,-3.02,-4.39,-3.7
85.75,30.75,T2M,-2.43,-2.07,-1.98,-2.26,-2.13,-2.75,-1.58,-2.21,-2.42,-1.97,-1.6,-2.46,-2.76,-2.52,-2.72,-2.66,-1.32,-2.06,-2.3,-3.36,-2.64
86.25,30.75,T2M,-2.75,-2.35,-2.21,-2.52,-2.3,-2.82,-1.76,-2.31,-2.67,-2.18,-1.81,-2.69,-2.91,-2.51,-2.62,-2.36,-1.42,-2.02,-2.37,-3.17,-2.51
86.75,30.75,T2M,-2.92,-2.52,-2.35,-2.63,-2.42,-2.82,-1.89,-2.4,-2.8,-2.3,-1.89,-2.82,-2.94,-2.55,-2.52,-2.21,-1.53,-2.05,-2.43,-3.15,-2.49
87.25,30.75,T2M,-3.05,-2.64,-2.49,-2.72,-2.53,-2.83,-2,-2.48,-2.92,-2.39,-1.95,-2.92,-2.94,-2.59,-2.47,-2.15,-1.64,-2.07,-2.46,-3.15,-2.51
87.75,30.75,T2M,-3.15,-2.72,-2.59,-2.77,-2.61,-2.81,-2.06,-2.51,-2.98,-2.43,-1.97,-2.97,-2.92,-2.62,-2.43,-2.11,-1.72,-2.07,-2.46,-3.14,-2.54
88.25,30.75,T2M,-3.11,-2.67,-2.55,-2.69,-2.57,-2.67,-1.99,-2.42,-2.91,-2.33,-1.87,-2.91,-2.77,-2.52,-2.3,-1.97,-1.69,-1.96,-2.36,-3.01,-2.46
88.75,30.75,T2M,-2.77,-2.34,-2.22,-2.34,-2.28,-2.27,-1.63,-2.04,-2.56,-1.9,-1.5,-2.56,-2.34,-2.14,-1.91,-1.53,-1.36,-1.58,-1.97,-2.58,-2.09
79.75,31.25,T2M,-3.11,-2.85,-3.41,-3.3,-2.92,-3.6,-2.65,-3.03,-2.98,-3.13,-2.78,-3.08,-3.74,-3.18,-3.67,-3.07,-1.6,-2.73,-2.82,-4.28,-4.8
80.25,31.25,T2M,-3.11,-2.81,-3.31,-3.2,-2.77,-3.55,-2.64,-2.95,-2.96,-3.07,-2.79,-3.04,-3.69,-3.18,-3.57,-3.27,-1.6,-2.66,-2.77,-4.35,-5.12
80.75,31.25,T2M,-3.96,-3.63,-4.08,-3.99,-3.53,-4.41,-3.52,-3.81,-3.83,-3.88,-3.61,-3.87,-4.48,-4.05,-4.4,-4.36,-2.52,-3.47,-3.61,-5.21,-6.2
81.25,31.25,T2M,-4.91,-4.52,-4.93,-4.91,-4.44,-5.36,-4.48,-4.83,-4.8,-4.84,-4.53,-4.82,-5.36,-5.02,-5.35,-5.51,-3.54,-4.38,-4.56,-6.1,-7.17
81.75,31.25,T2M,-5.25,-4.79,-5.22,-5.23,-4.79,-5.68,-4.85,-5.22,-5.19,-5.15,-4.86,-5.18,-5.6,-5.46,-5.68,-6.22,-3.97,-4.79,-4.95,-6.61,-7.71
82.25,31.25,T2M,-5.26,-4.73,-5.18,-5.22,-4.83,-5.74,-4.89,-5.39,-5.26,-5.14,-4.89,-5.23,-5.55,-5.64,-5.77,-6.36,-4.03,-4.79,-4.94,-6.76,-7.87
82.75,31.25,T2M,-4.79,-4.29,-4.67,-4.78,-4.44,-5.42,-4.46,-5.11,-4.88,-4.69,-4.46,-4.82,-5.1,-5.36,-5.45,-6,-3.65,-4.39,-4.51,-6.42,-7.37
83.25,31.25,T2M,-4.15,-3.73,-3.97,-4.17,-3.89,-4.93,-3.83,-4.59,-4.32,-4.08,-3.8,-4.23,-4.53,-4.85,-4.93,-5.54,-3.15,-3.89,-3.97,-5.9,-6.5
83.75,31.25,T2M,-3.99,-3.64,-3.78,-4.02,-3.81,-4.85,-3.66,-4.47,-4.23,-3.91,-3.56,-4.14,-4.39,-4.81,-4.85,-5.61,-3.16,-3.96,-3.95,-5.89,-6.13
84.25,31.25,T2M,-2.36,-2.03,-2.04,-2.33,-2.14,-3.06,-1.82,-2.6,-2.53,-2.19,-1.77,-2.49,-2.75,-2.95,-3.06,-3.76,-1.5,-2.38,-2.32,-4.2,-3.92
84.75,31.25,T2M,-2.31,-2.02,-1.97,-2.25,-2.09,-2.86,-1.67,-2.35,-2.44,-2.08,-1.62,-2.44,-2.66,-2.71,-2.87,-3.4,-1.42,-2.26,-2.25,-3.91,-3.38
85.25,31.25,T2M,-2.51,-2.25,-2.17,-2.43,-2.28,-2.92,-1.8,-2.39,-2.6,-2.22,-1.74,-2.62,-2.8,-2.71,-2.89,-3.15,-1.53,-2.26,-2.37,-3.73,-3.12
85.75,31.25,T2M,-2.52,-2.27,-2.14,-2.41,-2.25,-2.77,-1.72,-2.26,-2.55,-2.15,-1.67,-2.58,-2.73,-2.5,-2.64,-2.63,-1.39,-2,-2.25,-3.3,-2.7
86.25,31.25,T2M,-2.79,-2.52,-2.35,-2.65,-2.44,-2.87,-1.9,-2.4,-2.78,-2.35,-1.85,-2.77,-2.86,-2.49,-2.58,-2.41,-1.53,-1.99,-2.36,-3.21,-2.61
86.75,31.25,T2M,-2.44,-2.16,-1.94,-2.25,-2.02,-2.37,-1.49,-1.99,-2.39,-1.93,-1.45,-2.39,-2.43,-2.05,-2.05,-1.79,-1.14,-1.55,-1.94,-2.71,-2.09
87.25,31.25,T2M,-2.34,-2.05,-1.84,-2.12,-1.9,-2.16,-1.37,-1.86,-2.3,-1.78,-1.3,-2.26,-2.23,-1.89,-1.81,-1.52,-1.01,-1.37,-1.76,-2.5,-1.86
87.75,31.25,T2M,-2.32,-2.02,-1.83,-2.07,-1.88,-2.04,-1.32,-1.82,-2.27,-1.7,-1.24,-2.24,-2.12,-1.82,-1.69,-1.38,-0.99,-1.29,-1.68,-2.38,-1.75
88.25,31.25,T2M,-2.2,-1.88,-1.71,-1.91,-1.77,-1.84,-1.17,-1.66,-2.14,-1.5,-1.08,-2.13,-1.92,-1.65,-1.5,-1.16,-0.87,-1.11,-1.5,-2.14,-1.56
88.75,31.25,T2M,-1.79,-1.45,-1.3,-1.47,-1.4,-1.35,-0.7,-1.19,-1.7,-0.98,-0.64,-1.72,-1.41,-1.18,-1.01,-0.65,-0.48,-0.67,-1.01,-1.6,-1.09
79.75,31.75,T2M,-2.63,-2.34,-2.81,-2.76,-2.3,-2.99,-2.05,-2.34,-2.44,-2.55,-2.17,-2.48,-3.01,-2.37,-2.84,-2.27,-0.98,-2.15,-2.3,-3.73,-4.08
80.25,31.75,T2M,-3.47,-3.12,-3.56,-3.48,-3.01,-3.75,-2.85,-3.04,-3.23,-3.35,-2.98,-3.22,-3.75,-3.06,-3.51,-3.2,-1.78,-2.82,-3.04,-4.38,-4.87
80.75,31.75,T2M,-4.61,-4.21,-4.64,-4.55,-4.08,-4.86,-4,-4.16,-4.39,-4.46,-4.09,-4.34,-4.8,-4.2,-4.63,-4.54,-2.95,-3.88,-4.14,-5.46,-6.15
81.25,31.75,T2M,-5.03,-4.56,-5.01,-4.92,-4.45,-5.27,-4.43,-4.61,-4.85,-4.85,-4.48,-4.77,-5.14,-4.73,-5.09,-5.2,-3.4,-4.28,-4.54,-5.98,-6.85
81.75,31.75,T2M,-4.14,-3.58,-4.02,-3.97,-3.52,-4.31,-3.49,-3.72,-3.98,-3.89,-3.55,-3.87,-4.19,-3.89,-4.14,-4.53,-2.53,-3.43,-3.64,-5.29,-6.19
82.25,31.75,T2M,-3.83,-3.25,-3.68,-3.66,-3.23,-4.03,-3.21,-3.53,-3.71,-3.54,-3.26,-3.62,-3.87,-3.8,-3.91,-4.34,-2.29,-3.14,-3.32,-5.1,-5.99
82.75,31.75,T2M,-3.45,-2.89,-3.26,-3.31,-2.9,-3.73,-2.86,-3.29,-3.38,-3.15,-2.9,-3.31,-3.51,-3.63,-3.64,-4.09,-2,-2.8,-2.95,-4.81,-5.58
83.25,31.75,T2M,-2.96,-2.46,-2.73,-2.87,-2.49,-3.34,-2.39,-2.93,-2.95,-2.68,-2.4,-2.89,-3.08,-3.29,-3.28,-3.81,-1.65,-2.42,-2.53,-4.43,-4.94
83.75,31.75,T2M,-2.99,-2.54,-2.7,-2.91,-2.62,-3.42,-2.43,-3.04,-3.06,-2.72,-2.37,-3,-3.12,-3.45,-3.42,-4.1,-1.87,-2.63,-2.66,-4.58,-4.77
84.25,31.75,T2M,-1.93,-1.55,-1.59,-1.87,-1.59,-2.33,-1.27,-1.9,-2.01,-1.68,-1.22,-2,-2.07,-2.26,-2.28,-2.91,-0.86,-1.62,-1.63,-3.46,-3.17
84.75,31.75,T2M,-2.33,-2.04,-2.01,-2.27,-2.04,-2.69,-1.65,-2.21,-2.43,-2.09,-1.56,-2.43,-2.47,-2.52,-2.58,-3.07,-1.3,-1.99,-2.05,-3.63,-3.15
85.25,31.75,T2M,-2.89,-2.67,-2.59,-2.83,-2.64,-3.18,-2.2,-2.7,-3,-2.64,-2.07,-3,-3.01,-2.93,-3.01,-3.27,-1.85,-2.44,-2.59,-3.87,-3.36
85.75,31.75,T2M,-2.97,-2.78,-2.66,-2.89,-2.71,-3.15,-2.22,-2.7,-3.06,-2.66,-2.08,-3.05,-3.03,-2.81,-2.89,-2.92,-1.85,-2.33,-2.6,-3.61,-3.11
86.25,31.75,T2M,-2.56,-2.38,-2.2,-2.47,-2.28,-2.61,-1.74,-2.23,-2.63,-2.19,-1.61,-2.6,-2.53,-2.17,-2.23,-2.13,-1.35,-1.73,-2.1,-2.95,-2.44
86.75,31.75,T2M,-2.01,-1.82,-1.59,-1.89,-1.68,-1.95,-1.14,-1.63,-2.06,-1.61,-1.05,-2.03,-1.94,-1.54,-1.57,-1.4,-0.78,-1.11,-1.51,-2.28,-1.75
87.25,31.75,T2M,-1.99,-1.77,-1.53,-1.83,-1.63,-1.83,-1.08,-1.57,-2.01,-1.52,-0.99,-1.98,-1.84,-1.46,-1.43,-1.23,-0.73,-1.02,-1.42,-2.13,-1.58
87.75,31.75,T2M,-1.96,-1.73,-1.48,-1.77,-1.6,-1.72,-1.01,-1.52,-1.97,-1.43,-0.95,-1.95,-1.75,-1.39,-1.31,-1.1,-0.69,-0.95,-1.34,-1.99,-1.44
88.25,31.75,T2M,-1.67,-1.42,-1.18,-1.44,-1.32,-1.37,-0.68,-1.21,-1.67,-1.05,-0.66,-1.68,-1.42,-1.06,-0.97,-0.74,-0.41,-0.65,-1.01,-1.6,-1.07
88.75,31.75,T2M,-1.15,-0.87,-0.65,-0.87,-0.82,-0.77,-0.08,-0.63,-1.11,-0.41,-0.13,-1.16,-0.82,-0.48,-0.38,-0.11,0.12,-0.11,-0.42,-0.92,-0.45
